{"cameraMode":{"drawMode":0,"name":"Shaded","section":"Shading Mode"},"sceneLighting":false,"audioPlay":false,"sceneViewState":{"showFog":true,"showMaterialUpdate":false,"showSkybox":false,"showFlares":true,"showImageEffects":true,"showParticleSystems":true},"in2DMode":false,"pivot":{"x":-3.25313663482666,"y":4.281811714172363,"z":6.560667991638184},"rotation":{"x":-0.32348090410232546,"y":0.003415612503886223,"z":-0.001115262508392334,"w":-0.9462618231773377},"size":4.5747480392456059,"orthographic":true}