{"cameraMode":{"drawMode":0,"name":"Shaded","section":"Shading Mode"},"sceneLighting":false,"audioPlay":false,"sceneViewState":{"showFog":true,"showMaterialUpdate":false,"showSkybox":false,"showFlares":true,"showImageEffects":true,"showParticleSystems":true},"in2DMode":false,"pivot":{"x":-0.2727515697479248,"y":6.683812618255615,"z":-1.4030718803405762},"rotation":{"x":0.12563464045524598,"y":-0.6064664125442505,"z":0.09780708700418472,"w":0.7790073752403259},"size":7.304063320159912,"orthographic":true}