{"cameraMode":{"drawMode":0,"name":"Shaded","section":"Shading Mode"},"sceneLighting":true,"audioPlay":false,"sceneViewState":{"showFog":true,"showMaterialUpdate":false,"showSkybox":true,"showFlares":true,"showImageEffects":true,"showParticleSystems":true},"in2DMode":false,"pivot":{"x":-4.371747970581055,"y":6.650303363800049,"z":5.04037618637085},"rotation":{"x":-0.5065862536430359,"y":0.32815274596214297,"z":-0.2166396677494049,"w":-0.7673421502113342},"size":12.448077201843262,"orthographic":true}