{"cameraMode":{"drawMode":0,"name":"Shaded","section":"Shading Mode"},"sceneLighting":true,"audioPlay":false,"sceneViewState":{"showFog":true,"showMaterialUpdate":false,"showSkybox":true,"showFlares":true,"showImageEffects":true,"showParticleSystems":true},"in2DMode":false,"pivot":{"x":3.707078456878662,"y":3.73648738861084,"z":11.201547622680664},"rotation":{"x":0.019035985693335534,"y":-0.9731284379959106,"z":0.08722644299268723,"w":0.21229785680770875},"size":1.494667887687683,"orthographic":true}