{"cameraMode":{"drawMode":0,"name":"Shaded","section":"Shading Mode"},"sceneLighting":true,"audioPlay":false,"sceneViewState":{"showFog":true,"showMaterialUpdate":false,"showSkybox":true,"showFlares":true,"showImageEffects":true,"showParticleSystems":true},"in2DMode":false,"pivot":{"x":3.8571810722351076,"y":3.8692069053649904,"z":6.1813812255859379},"rotation":{"x":0.004825155716389418,"y":-0.9934238195419312,"z":0.04562738910317421,"w":0.10499031096696854},"size":1.92746102809906,"orthographic":true}